sample_id,class,packet_path
sample_11,d-missing,outputs/e3/review/sample_11.md
sample_30,d-truncated,outputs/e3/review/sample_30.md
sample_37,d-truncated,outputs/e3/review/sample_37.md
sample_52,d-missing,outputs/e3/review/sample_52.md
sample_57,d-truncated,outputs/e3/review/sample_57.md
sample_98,b,outputs/e3/review/sample_98.md
sample_122,d-missing,outputs/e3/review/sample_122.md
sample_126,d-missing,outputs/e3/review/sample_126.md
sample_127,d-missing,outputs/e3/review/sample_127.md
sample_130,d-missing,outputs/e3/review/sample_130.md
sample_133,d-missing,outputs/e3/review/sample_133.md
sample_142,d-missing,outputs/e3/review/sample_142.md
sample_167,d-missing,outputs/e3/review/sample_167.md
sample_179,d-missing,outputs/e3/review/sample_179.md
sample_201,d-missing,outputs/e3/review/sample_201.md
sample_218,d-missing,outputs/e3/review/sample_218.md
sample_219,d-missing,outputs/e3/review/sample_219.md
sample_233,b,outputs/e3/review/sample_233.md
sample_269,d-truncated,outputs/e3/review/sample_269.md
sample_281,d-missing,outputs/e3/review/sample_281.md
sample_287,d-missing,outputs/e3/review/sample_287.md
sample_292,d-truncated,outputs/e3/review/sample_292.md
