set,item,exact_matches,normalized_matches,max_jaccard,nearest_plate,nearest_item
stream,1,0,0,0.0141,optmath_bench,113
stream,2,0,0,0.0936,optmath_bench,45
stream,3,0,0,0.0154,mamo_complex_test,187
stream,4,0,0,0.013,optmath_bench,45
stream,5,0,0,0.0193,complexor,3
stream,6,0,0,0.0118,optmath_bench,112
stream,7,0,0,0.1496,optmath_bench,37
stream,8,0,0,0.0191,optmath_bench,3
stream,9,0,0,0.0373,optmath_bench,33
stream,10,0,0,0.0113,mamo_complex_test,111
stream,11,0,0,0.0087,optmath_bench,102
stream,12,0,0,0.0051,optmath_bench,111
stream,13,0,0,0.0073,optmath_bench,72
stream,14,0,0,0.0838,optmath_bench,102
stream,15,0,0,0.075,optmath_bench,102
stream,16,0,0,0.0167,optmath_bench,56
stream,17,0,0,0.0078,complexor,8
stream,18,0,0,0.0204,optmath_bench,40
stream,19,0,0,0.0219,complexor,3
stream,20,0,0,0.0112,complexor,3
stream,21,0,0,0.2059,optmath_bench,101
stream,22,0,0,0.094,optmath_bench,102
stream,23,0,0,0.0055,optmath_bench,112
stream,24,0,0,0.0147,optmath_bench,112
stream,25,0,0,0.0704,optmath_bench,3
stream,26,0,0,0.0042,industryor,47
stream,27,0,0,0.0233,optmath_bench,50
stream,28,0,0,0.0251,complexor,3
stream,29,0,0,0.0086,optmath_bench,5
stream,30,0,0,0.0047,optmath_bench,102
stream,31,0,0,0.0813,optmath_bench,45
stream,32,0,0,0.0172,optmath_bench,44
stream,33,0,0,0.0066,optmath_bench,45
stream,34,0,0,0.051,optmath_bench,55
stream,35,0,0,0.0134,optibench,254
stream,36,0,0,0.0075,optmath_bench,45
stream,37,0,0,0.0133,optmath_bench,72
stream,38,0,0,0.0283,optmath_bench,40
stream,39,0,0,0.0063,optibench,336
stream,40,0,0,0.0045,optibench,410
stream,41,0,0,0.062,optmath_bench,102
stream,42,0,0,0.0087,optmath_bench,112
stream,43,0,0,0.0086,mamo_complex_test,103
stream,44,0,0,0.0144,optmath_bench,113
stream,45,0,0,0.0698,optmath_bench,102
stream,46,0,0,0.038,optmath_bench,10
stream,47,0,0,0.0055,optmath_bench,116
stream,48,0,0,0.0102,complexor,6
stream,49,0,0,0.0062,optmath_bench,67
stream,50,0,0,0.012,complexor,18
stream,51,0,0,0.0034,optmath_bench,119
stream,52,0,0,0.0097,optmath_bench,72
stream,53,0,0,0.0199,optmath_bench,49
stream,54,0,0,0.0216,optmath_bench,40
stream,55,0,0,0.0105,optmath_bench,49
stream,56,0,0,0.0057,optmath_bench,123
stream,57,0,0,0.0027,complexor,1
stream,58,0,0,0.0071,complexor,6
stream,59,0,0,0.02,optmath_bench,53
stream,60,0,0,0.0057,optibench,465
stream,61,0,0,0.0547,optmath_bench,88
stream,62,0,0,0.0109,optmath_bench,71
stream,63,0,0,0.0119,complexor,3
stream,64,0,0,0.0077,optibench,336
stream,65,0,0,0.0081,mamo_complex_test,187
stream,66,0,0,0.0093,optmath_bench,119
stream,67,0,0,0.0095,optmath_bench,49
stream,68,0,0,0.009,complexor,18
stream,69,0,0,0.099,optmath_bench,3
stream,70,0,0,0.0111,optmath_bench,40
stream,71,0,0,0.0088,optmath_bench,24
stream,72,0,0,0.0156,optmath_bench,45
stream,73,0,0,0.0256,complexor,6
stream,74,0,0,0.0085,optmath_bench,72
stream,75,0,0,0.0101,optibench,336
stream,76,0,0,0.0077,optmath_bench,5
stream,77,0,0,0.0064,optmath_bench,112
stream,78,0,0,0.0104,optmath_bench,50
stream,79,0,0,0.0142,optmath_bench,112
stream,80,0,0,0.0087,optibench,391
stream,81,0,0,0.0063,optmath_bench,59
stream,82,0,0,0.0152,optmath_bench,56
stream,83,0,0,0.0622,optmath_bench,84
stream,84,0,0,0.0096,optmath_bench,102
stream,85,0,0,0.0143,complexor,3
stream,86,0,0,0.0092,optmath_bench,130
stream,87,0,0,0.0077,optmath_bench,123
stream,88,0,0,0.0528,optmath_bench,102
stream,89,0,0,0.0116,optmath_bench,40
stream,90,0,0,0.0122,optmath_bench,56
stream,91,0,0,0.1128,optmath_bench,102
stream,92,0,0,0.0071,mamo_complex_test,129
stream,93,0,0,0.0194,complexor,3
stream,94,0,0,0.0055,optmath_bench,133
stream,95,0,0,0.014,complexor,6
stream,96,0,0,0.0123,optmath_bench,72
stream,97,0,0,0.1067,optmath_bench,110
stream,98,0,0,0.0298,optmath_bench,118
stream,99,0,0,0.0455,optmath_bench,5
stream,100,0,0,0.0057,optmath_bench,5
stream,101,0,0,0.0536,optmath_bench,126
stream,102,0,0,0.0141,optmath_bench,45
stream,103,0,0,0.0178,optmath_bench,50
stream,104,0,0,0.0333,optmath_bench,84
stream,105,0,0,0.0102,industryor,31
stream,106,0,0,0.0152,optibench,128
stream,107,0,0,0.146,optmath_bench,3
stream,108,0,0,0.0104,optmath_bench,43
stream,109,0,0,0.0494,optmath_bench,124
stream,110,0,0,0.079,optmath_bench,80
stream,111,0,0,0.0246,optmath_bench,103
stream,112,0,0,0.0897,optmath_bench,74
stream,113,0,0,0.003,optmath_bench,102
stream,114,0,0,0.0111,optmath_bench,49
stream,115,0,0,0.0214,optmath_bench,27
stream,116,0,0,0.0123,optmath_bench,45
stream,117,0,0,0.0112,optmath_bench,45
stream,118,0,0,0.0134,optmath_bench,45
stream,119,0,0,0.0861,optmath_bench,102
stream,120,0,0,0.0102,industryor,31
stream,121,0,0,0.0109,optmath_bench,40
stream,122,0,0,0.0075,optmath_bench,40
stream,123,0,0,0.0133,optmath_bench,25
stream,124,0,0,0.0136,optmath_bench,45
stream,125,0,0,0.0069,optmath_bench,44
stream,126,0,0,0.0086,optmath_bench,112
stream,127,0,0,0.0357,optmath_bench,119
stream,128,0,0,0.0132,optmath_bench,44
stream,129,0,0,0.0111,optmath_bench,5
stream,130,0,0,0.0031,mamo_complex_test,85
stream,131,0,0,0.1466,optmath_bench,102
stream,132,0,0,0.0111,optmath_bench,96
stream,133,0,0,0.0614,optmath_bench,61
stream,134,0,0,0.0079,optmath_bench,112
stream,135,0,0,0.0317,optmath_bench,102
stream,136,0,0,0.0128,optmath_bench,5
stream,137,0,0,0.0071,optmath_bench,102
stream,138,0,0,0.1291,optmath_bench,26
stream,139,0,0,0.0181,optmath_bench,78
stream,140,0,0,0.0116,optmath_bench,72
stream,141,0,0,0.1567,optmath_bench,42
stream,142,0,0,0.0151,optmath_bench,72
stream,143,0,0,0.0077,optmath_bench,37
stream,144,0,0,0.0112,optmath_bench,27
stream,145,0,0,0.0068,optmath_bench,99
stream,146,0,0,0.0196,optmath_bench,49
stream,147,0,0,0.0665,optmath_bench,80
stream,148,0,0,0.0088,optmath_bench,112
stream,149,0,0,0.0335,optmath_bench,118
stream,150,0,0,0.0414,optmath_bench,33
stream,151,0,0,0.0137,complexor,18
stream,152,0,0,0.0912,optmath_bench,34
stream,153,0,0,0.0129,optmath_bench,72
stream,154,0,0,0.014,optmath_bench,27
stream,155,0,0,0.0067,optmath_bench,85
stream,156,0,0,0.0086,optmath_bench,74
stream,157,0,0,0.0175,optmath_bench,5
stream,158,0,0,0.0071,optmath_bench,107
stream,159,0,0,0.0907,optmath_bench,3
stream,160,0,0,0.0084,optmath_bench,72
stream,161,0,0,0.1057,optmath_bench,125
stream,162,0,0,0.0086,optmath_bench,5
stream,163,0,0,0.0776,optmath_bench,90
stream,164,0,0,0.0105,complexor,3
stream,165,0,0,0.0058,optmath_bench,99
stream,166,0,0,0.004,optmath_bench,113
stream,167,0,0,0.0065,optmath_bench,24
stream,168,0,0,0.0125,complexor,6
stream,169,0,0,0.0058,optibench,240
stream,170,0,0,0.0072,optmath_bench,112
stream,171,0,0,0.0173,optmath_bench,112
stream,172,0,0,0.1051,optmath_bench,102
stream,173,0,0,0.0032,industryor,47
stream,174,0,0,0.0629,optmath_bench,102
stream,175,0,0,0.0041,optmath_bench,35
stream,176,0,0,0.0054,complexor,18
stream,177,0,0,0.0097,optmath_bench,72
stream,178,0,0,0.0064,optmath_bench,133
stream,179,0,0,0.0057,optmath_bench,113
stream,180,0,0,0.0074,optmath_bench,102
stream,181,0,0,0.0629,optmath_bench,9
stream,182,0,0,0.0121,optmath_bench,71
stream,183,0,0,0.0646,optmath_bench,30
stream,184,0,0,0.0136,optmath_bench,112
stream,185,0,0,0.0794,optmath_bench,130
stream,186,0,0,0.0058,optmath_bench,24
stream,187,0,0,0.0118,industryor,31
stream,188,0,0,0.0209,optmath_bench,49
stream,189,0,0,0.0125,optmath_bench,45
stream,190,0,0,0.0046,optmath_bench,133
stream,191,0,0,0.0145,optmath_bench,5
stream,192,0,0,0.0777,optmath_bench,86
stream,193,0,0,0.0158,optmath_bench,112
stream,194,0,0,0.0168,optmath_bench,56
stream,195,0,0,0.0052,optmath_bench,116
stream,196,0,0,0.0083,industryor,31
stream,197,0,0,0.0858,optmath_bench,130
stream,198,0,0,0.0066,optmath_bench,44
stream,199,0,0,0.1795,optmath_bench,92
stream,200,0,0,0.1119,optmath_bench,100
stream,201,0,0,0.0106,optmath_bench,44
stream,202,0,0,0.0106,optmath_bench,5
stream,203,0,0,0.0098,optmath_bench,45
stream,204,0,0,0.1271,optmath_bench,112
stream,205,0,0,0.0359,optmath_bench,9
stream,206,0,0,0.0139,optmath_bench,49
stream,207,0,0,0.027,optmath_bench,118
stream,208,0,0,0.0075,optmath_bench,59
stream,209,0,0,0.004,optmath_bench,57
stream,210,0,0,0.007,industryor,31
stream,211,0,0,0.0639,optmath_bench,130
stream,212,0,0,0.0041,complexor,1
stream,213,0,0,0.152,optmath_bench,101
stream,214,0,0,0.0231,complexor,3
stream,215,0,0,0.1522,optmath_bench,42
stream,216,0,0,0.016,optmath_bench,27
stream,217,0,0,0.0037,mamo_complex_test,1
stream,218,0,0,0.0104,optmath_bench,45
stream,219,0,0,0.0111,optmath_bench,50
stream,220,0,0,0.0198,optmath_bench,78
stream,221,0,0,0.0094,mamo_complex_test,111
stream,222,0,0,0.0164,complexor,6
stream,223,0,0,0.0153,optmath_bench,56
stream,224,0,0,0.1226,optmath_bench,130
stream,225,0,0,0.033,optmath_bench,118
stream,226,0,0,0.0045,optibench,305
stream,227,0,0,0.0086,optmath_bench,123
stream,228,0,0,0.0106,industryor,31
stream,229,0,0,0.0192,optmath_bench,40
stream,230,0,0,0.098,optmath_bench,102
stream,231,0,0,0.016,optmath_bench,50
stream,232,0,0,0.0168,optmath_bench,5
stream,233,0,0,0.004,optmath_bench,150
stream,234,0,0,0.0467,optmath_bench,88
stream,235,0,0,0.008,optmath_bench,45
stream,236,0,0,0.0064,optmath_bench,59
stream,237,0,0,0.0081,optmath_bench,96
stream,238,0,0,0.0051,optmath_bench,113
stream,239,0,0,0.0202,complexor,6
stream,240,0,0,0.0215,complexor,6
stream,241,0,0,0.0071,complexor,18
stream,242,0,0,0.0299,optmath_bench,118
stream,243,0,0,0.0057,optmath_bench,51
stream,244,0,0,0.0103,optmath_bench,72
stream,245,0,0,0.0732,optmath_bench,72
stream,246,0,0,0.0103,optmath_bench,72
stream,247,0,0,0.1134,optmath_bench,102
stream,248,0,0,0.0074,optmath_bench,111
stream,249,0,0,0.0161,optmath_bench,125
stream,250,0,0,0.0063,optmath_bench,102
stream,251,0,0,0.0103,optibench,336
stream,252,0,0,0.0158,optmath_bench,72
stream,253,0,0,0.0903,optmath_bench,102
stream,254,0,0,0.0161,optmath_bench,56
stream,255,0,0,0.0858,optmath_bench,102
stream,256,0,0,0.0111,optmath_bench,5
stream,257,0,0,0.0198,optmath_bench,5
stream,258,0,0,0.0067,optmath_bench,49
stream,259,0,0,0.0068,optmath_bench,102
stream,260,0,0,0.0119,optmath_bench,40
stream,261,0,0,0.0084,optibench,336
stream,262,0,0,0.0091,optmath_bench,5
stream,263,0,0,0.0148,optmath_bench,40
stream,264,0,0,0.0112,optmath_bench,78
stream,265,0,0,0.0113,mamo_complex_test,111
stream,266,0,0,0.0944,optmath_bench,102
stream,267,0,0,0.0612,optmath_bench,80
stream,268,0,0,0.0077,optmath_bench,44
stream,269,0,0,0.0059,optmath_bench,113
stream,270,0,0,0.0198,optmath_bench,40
stream,271,0,0,0.0072,optmath_bench,123
stream,272,0,0,0.1042,optmath_bench,131
stream,273,0,0,0.0086,optmath_bench,72
stream,274,0,0,0.0023,mamo_complex_test,38
stream,275,0,0,0.0112,industryor,31
stream,276,0,0,0.0106,optmath_bench,48
stream,277,0,0,0.1576,optmath_bench,130
stream,278,0,0,0.0121,complexor,6
stream,279,0,0,0.0103,complexor,6
stream,280,0,0,0.0111,optmath_bench,5
stream,281,0,0,0.0155,optmath_bench,72
stream,282,0,0,0.0134,complexor,3
stream,283,0,0,0.0053,mamo_complex_test,166
stream,284,0,0,0.0108,optmath_bench,50
stream,285,0,0,0.0224,complexor,3
stream,286,0,0,0.0756,optmath_bench,83
stream,287,0,0,0.0062,optmath_bench,124
stream,288,0,0,0.0087,optmath_bench,59
stream,289,0,0,0.0078,optmath_bench,76
stream,290,0,0,0.0094,mamo_complex_test,187
stream,291,0,0,0.006,optibench,128
stream,292,0,0,0.0075,optibench,336
stream,293,0,0,0.0226,optmath_bench,49
stream,294,0,0,0.0106,optmath_bench,112
stream,295,0,0,0.0108,optmath_bench,113
stream,296,0,0,0.0092,complexor,3
stream,297,0,0,0.0587,optmath_bench,61
stream,298,0,0,0.0107,optmath_bench,5
stream,299,0,0,0.1336,optmath_bench,103
stream,300,0,0,0.0069,optmath_bench,112
calibration,1,0,0,0.0035,optmath_bench,47
calibration,2,0,0,0.0044,optmath_bench,47
calibration,3,0,0,0.0041,optmath_bench,47
calibration,4,0,0,0.0038,optmath_bench,47
calibration,5,0,0,0.0041,optmath_bench,47
calibration,6,0,0,0.0028,mamo_complex_test,138
calibration,7,0,0,0.0021,optmath_bench,30
calibration,8,0,0,0.0035,mamo_complex_test,20
calibration,9,0,0,0.0015,mamo_complex_test,138
calibration,10,0,0,0.0015,mamo_complex_test,138
calibration,11,0,0,0.0038,optmath_bench,5
calibration,12,0,0,0.0056,optmath_bench,34
calibration,13,0,0,0.0041,optmath_bench,109
calibration,14,0,0,0.0032,mamo_complex_test,86
calibration,15,0,0,0.0037,optmath_bench,116
calibration,16,0,0,0.0071,optmath_bench,52
calibration,17,0,0,0.007,optmath_bench,52
calibration,18,0,0,0.0041,optmath_bench,109
calibration,19,0,0,0.0045,optmath_bench,109
calibration,20,0,0,0.0045,optmath_bench,109
calibration,21,0,0,0.0082,optibench,128
calibration,22,0,0,0.0081,optibench,128
calibration,23,0,0,0.0078,optmath_bench,59
calibration,24,0,0,0.0084,optmath_bench,77
calibration,25,0,0,0.007,optibench,128
calibration,26,0,0,0.0028,optmath_bench,142
calibration,27,0,0,0.003,optmath_bench,96
calibration,28,0,0,0.0028,optmath_bench,142
calibration,29,0,0,0.003,optmath_bench,96
calibration,30,0,0,0.0029,optmath_bench,96
calibration,31,0,0,0.0095,optibench,449
calibration,32,0,0,0.0092,optibench,449
calibration,33,0,0,0.0095,optibench,449
calibration,34,0,0,0.0097,optibench,449
calibration,35,0,0,0.0087,optibench,449
calibration,36,0,0,0.0041,mamo_complex_test,86
calibration,37,0,0,0.0063,optmath_bench,91
calibration,38,0,0,0.0016,optmath_bench,91
calibration,39,0,0,0.0048,optmath_bench,91
calibration,40,0,0,0.0037,optmath_bench,99
calibration,41,0,0,0.0036,optmath_bench,59
calibration,42,0,0,0.0045,optmath_bench,72
calibration,43,0,0,0.0052,optmath_bench,72
calibration,44,0,0,0.0045,optmath_bench,72
calibration,45,0,0,0.0046,optmath_bench,72
calibration,46,0,0,0.0012,optibench,143
calibration,47,0,0,0.0015,industryor,76
calibration,48,0,0,0.0028,optmath_bench,91
calibration,49,0,0,0.0027,optibench,81
calibration,50,0,0,0.0029,optibench,81
calibration,51,0,0,0.0012,industryor,29
calibration,52,0,0,0.0018,complexor,3
calibration,53,0,0,0.0071,mamo_complex_test,86
calibration,54,0,0,0.0022,optmath_bench,94
calibration,55,0,0,0.0023,optmath_bench,94
calibration,56,0,0,0.0031,industryor,13
calibration,57,0,0,0.0032,industryor,13
calibration,58,0,0,0.0091,optibench,305
calibration,59,0,0,0.0031,industryor,13
calibration,60,0,0,0.0031,industryor,13
calibration,61,0,0,0.0035,optmath_bench,116
calibration,62,0,0,0.0017,optmath_bench,116
calibration,63,0,0,0.0057,mamo_complex_test,100
calibration,64,0,0,0.0016,optmath_bench,116
calibration,65,0,0,0.0014,optmath_bench,116
calibration,66,0,0,0.0123,optmath_bench,116
calibration,67,0,0,0.0113,optmath_bench,116
calibration,68,0,0,0.0118,optmath_bench,116
calibration,69,0,0,0.0111,optmath_bench,116
calibration,70,0,0,0.0118,optmath_bench,116
calibration,71,0,0,0.0033,optmath_bench,47
calibration,72,0,0,0.0029,optmath_bench,47
calibration,73,0,0,0.0028,optmath_bench,47
calibration,74,0,0,0.0018,industryor,35
calibration,75,0,0,0.0032,optmath_bench,47
calibration,76,0,0,0.0046,mamo_complex_test,100
calibration,77,0,0,0.0042,mamo_complex_test,100
calibration,78,0,0,0.0047,mamo_complex_test,100
calibration,79,0,0,0.0051,mamo_complex_test,100
calibration,80,0,0,0.0045,mamo_complex_test,100
calibration,81,0,0,0.0058,optibench,449
calibration,82,0,0,0.0065,optibench,449
calibration,83,0,0,0.0066,optibench,449
calibration,84,0,0,0.0022,optmath_bench,50
calibration,85,0,0,0.0063,optibench,449
calibration,86,0,0,0.0026,optibench,432
calibration,87,0,0,0.0019,optibench,29
calibration,88,0,0,0.0018,optibench,29
calibration,89,0,0,0.0021,optibench,29
calibration,90,0,0,0.0025,optibench,504
calibration,91,0,0,0.0058,optmath_bench,58
calibration,92,0,0,0.0046,optmath_bench,60
calibration,93,0,0,0.0055,optmath_bench,58
calibration,94,0,0,0.0041,optmath_bench,109
calibration,95,0,0,0.0047,optmath_bench,60
calibration,96,0,0,0.0017,mamo_complex_test,24
calibration,97,0,0,0.0019,mamo_complex_test,24
calibration,98,0,0,0.0028,optmath_bench,59
calibration,99,0,0,0.0018,mamo_complex_test,24
calibration,100,0,0,0.0094,optmath_bench,59
calibration,101,0,0,0.0105,industryor,31
calibration,102,0,0,0.0118,industryor,31
calibration,103,0,0,0.0062,industryor,44
calibration,104,0,0,0.0088,industryor,31
calibration,105,0,0,0.0082,industryor,31
calibration,106,0,0,0.0033,optibench,518
calibration,107,0,0,0.0048,optmath_bench,72
calibration,108,0,0,0.005,optmath_bench,72
calibration,109,0,0,0.0049,optmath_bench,72
calibration,110,0,0,0.0033,optibench,518
calibration,111,0,0,0.0101,mamo_complex_test,86
calibration,112,0,0,0.0106,mamo_complex_test,86
calibration,113,0,0,0.0036,optmath_bench,133
calibration,114,0,0,0.006,optibench,432
calibration,115,0,0,0.0201,mamo_complex_test,86
calibration,116,0,0,0.0054,optmath_bench,14
calibration,117,0,0,0.0117,mamo_complex_test,86
calibration,118,0,0,0.0089,mamo_complex_test,86
calibration,119,0,0,0.0098,optmath_bench,5
calibration,120,0,0,0.0033,optibench,81
calibration,121,0,0,0.0076,mamo_complex_test,24
calibration,122,0,0,0.0124,optmath_bench,33
calibration,123,0,0,0.006,mamo_complex_test,24
calibration,124,0,0,0.0131,mamo_complex_test,86
calibration,125,0,0,0.0143,mamo_complex_test,86
calibration,126,0,0,0.0023,optmath_bench,158
calibration,127,0,0,0.0014,optmath_bench,25
calibration,128,0,0,0.0017,mamo_complex_test,96
calibration,129,0,0,0.0016,optmath_bench,158
calibration,130,0,0,0.0007,optmath_bench,35
calibration,131,0,0,0.0102,mamo_complex_test,86
calibration,132,0,0,0.0113,mamo_complex_test,86
calibration,133,0,0,0.0116,mamo_complex_test,86
calibration,134,0,0,0.0108,mamo_complex_test,86
calibration,135,0,0,0.0105,mamo_complex_test,86
calibration,136,0,0,0.0,,
calibration,137,0,0,0.0,,
calibration,138,0,0,0.0022,optmath_bench,98
calibration,139,0,0,0.0,,
calibration,140,0,0,0.0027,optibench,418
calibration,141,0,0,0.0106,mamo_complex_test,86
calibration,142,0,0,0.0094,mamo_complex_test,86
calibration,143,0,0,0.0107,mamo_complex_test,86
calibration,144,0,0,0.0109,mamo_complex_test,86
calibration,145,0,0,0.0109,mamo_complex_test,86
calibration,146,0,0,0.0024,mamo_complex_test,24
calibration,147,0,0,0.0023,mamo_complex_test,24
calibration,148,0,0,0.0023,mamo_complex_test,24
calibration,149,0,0,0.0031,industryor,44
calibration,150,0,0,0.0022,mamo_complex_test,24
calibration,151,0,0,0.0031,complexor,6
calibration,152,0,0,0.0029,optibench,567
calibration,153,0,0,0.0027,optmath_bench,91
calibration,154,0,0,0.0053,complexor,6
calibration,155,0,0,0.0014,optibench,518
calibration,156,0,0,0.002,mamo_complex_test,76
calibration,157,0,0,0.0039,mamo_complex_test,24
calibration,158,0,0,0.0042,mamo_complex_test,10
calibration,159,0,0,0.0038,mamo_complex_test,24
calibration,160,0,0,0.0035,optmath_bench,115
calibration,161,0,0,0.0029,optibench,44
calibration,162,0,0,0.0032,optibench,44
calibration,163,0,0,0.0056,optmath_bench,90
calibration,164,0,0,0.006,optmath_bench,130
calibration,165,0,0,0.0051,optmath_bench,90
calibration,166,0,0,0.0052,optmath_bench,93
calibration,167,0,0,0.0036,optmath_bench,50
calibration,168,0,0,0.0024,optmath_bench,116
calibration,169,0,0,0.0094,mamo_complex_test,86
calibration,170,0,0,0.0037,optmath_bench,50
calibration,171,0,0,0.0072,optmath_bench,63
calibration,172,0,0,0.0015,optmath_bench,12
calibration,173,0,0,0.0016,optmath_bench,12
calibration,174,0,0,0.002,optmath_bench,82
calibration,175,0,0,0.0021,optmath_bench,82
calibration,176,0,0,0.0,,
calibration,177,0,0,0.0,,
calibration,178,0,0,0.0,,
calibration,179,0,0,0.0,,
calibration,180,0,0,0.0,,
calibration,181,0,0,0.0154,optmath_bench,132
calibration,182,0,0,0.0023,optmath_bench,109
calibration,183,0,0,0.0028,optmath_bench,109
calibration,184,0,0,0.0033,optmath_bench,129
calibration,185,0,0,0.0048,optmath_bench,109
calibration,186,0,0,0.0057,optmath_bench,130
calibration,187,0,0,0.0031,mamo_complex_test,86
calibration,188,0,0,0.0017,optibench,143
calibration,189,0,0,0.0028,mamo_complex_test,150
calibration,190,0,0,0.0,,
calibration,191,0,0,0.0035,optmath_bench,161
calibration,192,0,0,0.0047,optmath_bench,158
calibration,193,0,0,0.0031,optmath_bench,133
calibration,194,0,0,0.0022,optmath_bench,158
calibration,195,0,0,0.0032,optmath_bench,133
calibration,196,0,0,0.0047,optibench,432
calibration,197,0,0,0.0041,optibench,432
calibration,198,0,0,0.0053,optibench,432
calibration,199,0,0,0.0049,optibench,504
calibration,200,0,0,0.0052,optibench,504
calibration,201,0,0,0.0095,mamo_complex_test,86
calibration,202,0,0,0.0034,optmath_bench,50
calibration,203,0,0,0.0153,mamo_complex_test,86
calibration,204,0,0,0.011,mamo_complex_test,86
calibration,205,0,0,0.009,mamo_complex_test,86
calibration,206,0,0,0.0087,mamo_complex_test,86
calibration,207,0,0,0.0019,industryor,35
calibration,208,0,0,0.0056,optmath_bench,106
calibration,209,0,0,0.002,industryor,35
calibration,210,0,0,0.0015,mamo_complex_test,178
calibration,211,0,0,0.0055,mamo_complex_test,138
calibration,212,0,0,0.0049,mamo_complex_test,138
calibration,213,0,0,0.007,mamo_complex_test,138
calibration,214,0,0,0.0039,mamo_complex_test,86
calibration,215,0,0,0.004,mamo_complex_test,86
calibration,216,0,0,0.0107,mamo_complex_test,86
calibration,217,0,0,0.0028,complexor,3
calibration,218,0,0,0.0022,optmath_bench,5
calibration,219,0,0,0.0045,optmath_bench,130
calibration,220,0,0,0.0055,optmath_bench,94
calibration,221,0,0,0.0055,optmath_bench,62
calibration,222,0,0,0.005,optmath_bench,116
calibration,223,0,0,0.0057,optmath_bench,62
calibration,224,0,0,0.0054,optmath_bench,78
calibration,225,0,0,0.0049,optmath_bench,14
calibration,226,0,0,0.0042,optmath_bench,116
calibration,227,0,0,0.0013,optmath_bench,116
calibration,228,0,0,0.0015,optmath_bench,116
calibration,229,0,0,0.0014,optmath_bench,116
calibration,230,0,0,0.0051,optmath_bench,133
calibration,231,0,0,0.006,optmath_bench,116
calibration,232,0,0,0.006,optmath_bench,116
calibration,233,0,0,0.0069,optmath_bench,59
calibration,234,0,0,0.0052,optmath_bench,34
calibration,235,0,0,0.0076,optmath_bench,59
calibration,236,0,0,0.0015,mamo_complex_test,182
calibration,237,0,0,0.002,mamo_complex_test,100
calibration,238,0,0,0.0016,mamo_complex_test,182
calibration,239,0,0,0.0015,mamo_complex_test,182
calibration,240,0,0,0.0016,mamo_complex_test,182
calibration,241,0,0,0.0025,optmath_bench,94
calibration,242,0,0,0.0032,mamo_complex_test,142
calibration,243,0,0,0.0042,mamo_complex_test,86
calibration,244,0,0,0.0036,mamo_complex_test,142
calibration,245,0,0,0.0046,optmath_bench,5
