sample_id,population,group,k3_class,n_values,n_unmatched,coverage,F1,F2
sample_1,stream,other,,25,0,1.0,0,0
sample_10,stream,other,,44,0,1.0,0,0
sample_100,stream,concordant_admitted,,52,0,1.0,0,0
sample_101,stream,other,,26,0,1.0,0,0
sample_102,stream,concordant_admitted,,144,0,1.0,0,0
sample_103,stream,concordant_admitted,,21,0,1.0,0,0
sample_104,stream,concordant_admitted,,19,0,1.0,0,0
sample_105,stream,other,,64,0,1.0,0,0
sample_106,stream,other,,7,0,1.0,0,0
sample_107,stream,concordant_admitted,,16,1,0.9375,0,0
sample_109,stream,concordant_admitted,,24,0,1.0,0,0
sample_11,stream,wrong,d-missing,136,0,1.0,0,0
sample_110,stream,other,,19,0,1.0,0,0
sample_111,stream,concordant_admitted,,20,0,1.0,0,0
sample_112,stream,other,,27,0,1.0,0,0
sample_113,stream,concordant_admitted,,142,0,1.0,0,0
sample_114,stream,other,,224,0,1.0,0,0
sample_115,stream,other,,48,0,1.0,0,0
sample_116,stream,other,,144,0,1.0,0,0
sample_117,stream,concordant_admitted,,112,0,1.0,0,0
sample_118,stream,other,,58,0,1.0,0,0
sample_119,stream,other,,54,0,1.0,0,0
sample_12,stream,concordant_admitted,,161,0,1.0,0,0
sample_120,stream,concordant_admitted,,22,0,1.0,0,0
sample_121,stream,other,,194,0,1.0,0,0
sample_122,stream,wrong,d-missing,60,26,0.5667,1,1
sample_123,stream,concordant_admitted,,18,0,1.0,0,0
sample_124,stream,other,,80,0,1.0,0,0
sample_125,stream,other,,49,0,1.0,0,0
sample_126,stream,wrong,d-missing,59,22,0.6271,1,1
sample_127,stream,wrong,d-missing,57,40,0.2982,1,1
sample_128,stream,concordant_admitted,,24,0,1.0,0,0
sample_129,stream,concordant_admitted,,58,0,1.0,0,0
sample_13,stream,other,,36,1,0.9722,0,0
sample_130,stream,wrong,d-missing,33,4,0.8788,0,0
sample_131,stream,other,,33,0,1.0,0,0
sample_132,stream,other,,10,0,1.0,0,0
sample_133,stream,wrong,d-missing,28,20,0.2857,1,1
sample_134,stream,other,,112,0,1.0,0,0
sample_135,stream,other,,32,0,1.0,0,0
sample_136,stream,concordant_admitted,,42,0,1.0,0,0
sample_137,stream,other,,95,0,1.0,0,0
sample_138,stream,other,,66,3,0.9545,0,0
sample_139,stream,other,,34,1,0.9706,0,0
sample_14,stream,other,,43,0,1.0,0,0
sample_140,stream,other,,37,0,1.0,0,0
sample_141,stream,other,,13,0,1.0,0,0
sample_142,stream,wrong,d-missing,58,27,0.5345,1,1
sample_143,stream,other,,127,0,1.0,0,0
sample_144,stream,other,,194,0,1.0,0,0
sample_145,stream,concordant_admitted,,63,0,1.0,0,0
sample_146,stream,other,,40,0,1.0,0,0
sample_147,stream,other,,19,0,1.0,0,0
sample_148,stream,other,,71,30,0.5775,0,1
sample_149,stream,other,,57,0,1.0,0,0
sample_15,stream,other,,23,0,1.0,0,0
sample_150,stream,other,,114,2,0.9825,0,0
sample_151,stream,other,,110,55,0.5,1,1
sample_152,stream,concordant_admitted,,42,0,1.0,0,0
sample_153,stream,concordant_admitted,,21,0,1.0,0,0
sample_154,stream,other,,63,0,1.0,0,0
sample_155,stream,concordant_admitted,,10,0,1.0,0,0
sample_156,stream,other,,30,0,1.0,0,0
sample_157,stream,other,,32,0,1.0,0,0
sample_158,stream,concordant_admitted,,32,0,1.0,0,0
sample_159,stream,other,,25,1,0.96,0,0
sample_16,stream,other,,144,1,0.9931,0,0
sample_160,stream,concordant_admitted,,78,0,1.0,0,0
sample_161,stream,concordant_admitted,,42,0,1.0,0,0
sample_162,stream,other,,28,0,1.0,0,0
sample_163,stream,other,,26,0,1.0,0,0
sample_164,stream,concordant_admitted,,51,0,1.0,0,0
sample_165,stream,other,,36,1,0.9722,0,0
sample_166,stream,other,,50,1,0.98,0,0
sample_167,stream,wrong,d-missing,60,28,0.5333,1,1
sample_168,stream,other,,2,0,1.0,0,0
sample_169,stream,concordant_admitted,,51,0,1.0,0,0
sample_17,stream,other,,64,0,1.0,0,0
sample_170,stream,other,,71,0,1.0,0,0
sample_171,stream,other,,110,0,1.0,0,0
sample_172,stream,other,,45,0,1.0,0,0
sample_173,stream,concordant_admitted,,34,0,1.0,0,0
sample_174,stream,other,,28,0,1.0,0,0
sample_175,stream,concordant_admitted,,8,0,1.0,0,0
sample_176,stream,concordant_admitted,,142,0,1.0,0,0
sample_177,stream,other,,21,0,1.0,0,0
sample_178,stream,other,,8,0,1.0,0,0
sample_179,stream,wrong,d-missing,60,33,0.45,1,1
sample_18,stream,other,,48,0,1.0,0,0
sample_180,stream,concordant_admitted,,95,0,1.0,0,0
sample_181,stream,concordant_admitted,,20,0,1.0,0,0
sample_182,stream,concordant_admitted,,28,0,1.0,0,0
sample_183,stream,concordant_admitted,,56,0,1.0,0,0
sample_184,stream,other,,78,0,1.0,0,0
sample_185,stream,concordant_admitted,,42,0,1.0,0,0
sample_186,stream,other,,68,18,0.7353,0,1
sample_187,stream,concordant_admitted,,65,0,1.0,0,0
sample_188,stream,other,,144,0,1.0,0,0
sample_189,stream,concordant_admitted,,49,0,1.0,0,0
sample_19,stream,concordant_admitted,,2,0,1.0,0,0
sample_190,stream,other,,215,0,1.0,0,0
sample_191,stream,concordant_admitted,,29,0,1.0,0,0
sample_192,stream,other,,32,0,1.0,0,0
sample_193,stream,other,,78,0,1.0,0,0
sample_194,stream,concordant_admitted,,97,0,1.0,0,0
sample_195,stream,other,,16,0,1.0,0,0
sample_196,stream,other,,7,0,1.0,0,0
sample_197,stream,concordant_admitted,,12,0,1.0,0,0
sample_198,stream,other,,61,0,1.0,0,0
sample_199,stream,other,,9,4,0.5556,0,1
sample_2,stream,other,,127,0,1.0,0,0
sample_20,stream,other,,49,1,0.9796,0,0
sample_200,stream,other,,2,0,1.0,0,0
sample_201,stream,wrong,d-missing,97,12,0.8763,0,0
sample_202,stream,concordant_admitted,,75,0,1.0,0,0
sample_203,stream,other,,49,26,0.4694,1,1
sample_204,stream,other,,78,4,0.9487,1,0
sample_205,stream,other,,6,0,1.0,0,0
sample_206,stream,other,,178,0,1.0,0,0
sample_207,stream,concordant_admitted,,79,0,1.0,0,0
sample_208,stream,concordant_admitted,,8,0,1.0,0,0
sample_209,stream,concordant_admitted,,112,0,1.0,0,0
sample_21,stream,other,,26,0,1.0,0,0
sample_210,stream,concordant_admitted,,13,0,1.0,0,0
sample_211,stream,concordant_admitted,,20,0,1.0,0,0
sample_212,stream,concordant_admitted,,130,0,1.0,0,0
sample_213,stream,other,,26,0,1.0,0,0
sample_214,stream,concordant_admitted,,0,0,1.0,0,0
sample_215,stream,concordant_admitted,,26,0,1.0,0,0
sample_216,stream,other,,71,0,1.0,0,0
sample_217,stream,other,,31,0,1.0,0,0
sample_218,stream,wrong,d-missing,97,0,1.0,0,0
sample_219,stream,wrong,d-missing,21,0,1.0,0,0
sample_22,stream,other,,38,0,1.0,0,0
sample_220,stream,other,,11,3,0.7273,1,1
sample_221,stream,concordant_admitted,,56,0,1.0,0,0
sample_222,stream,concordant_admitted,,23,0,1.0,0,0
sample_223,stream,other,,112,0,1.0,0,0
sample_224,stream,other,,36,0,1.0,0,0
sample_225,stream,other,,32,0,1.0,0,0
sample_226,stream,concordant_admitted,,40,0,1.0,0,0
sample_227,stream,other,,48,24,0.5,1,1
sample_228,stream,concordant_admitted,,25,0,1.0,0,0
sample_229,stream,other,,49,0,1.0,0,0
sample_23,stream,concordant_admitted,,58,0,1.0,0,0
sample_230,stream,other,,53,0,1.0,0,0
sample_231,stream,concordant_admitted,,5,0,1.0,0,0
sample_232,stream,other,,40,0,1.0,0,0
sample_233,stream,wrong,b,38,0,1.0,0,0
sample_234,stream,concordant_admitted,,44,0,1.0,0,0
sample_235,stream,other,,84,0,1.0,0,0
sample_236,stream,concordant_admitted,,8,0,1.0,0,0
sample_237,stream,concordant_admitted,,48,0,1.0,0,0
sample_238,stream,other,,310,0,1.0,0,0
sample_239,stream,concordant_admitted,,7,0,1.0,0,0
sample_24,stream,other,,84,0,1.0,0,0
sample_240,stream,concordant_admitted,,55,0,1.0,0,0
sample_241,stream,concordant_admitted,,17,0,1.0,0,0
sample_242,stream,other,,108,77,0.287,1,1
sample_243,stream,other,,112,100,0.1071,1,1
sample_245,stream,other,,9,0,1.0,0,0
sample_246,stream,concordant_admitted,,20,0,1.0,0,0
sample_247,stream,other,,56,0,1.0,0,0
sample_248,stream,other,,49,1,0.9796,0,0
sample_249,stream,other,,34,0,1.0,0,0
sample_25,stream,concordant_admitted,,13,0,1.0,0,0
sample_250,stream,other,,95,0,1.0,0,0
sample_251,stream,concordant_admitted,,29,0,1.0,0,0
sample_252,stream,other,,31,28,0.0968,1,1
sample_253,stream,other,,16,0,1.0,0,0
sample_254,stream,concordant_admitted,,82,0,1.0,0,0
sample_255,stream,other,,22,0,1.0,0,0
sample_256,stream,concordant_admitted,,20,0,1.0,0,0
sample_257,stream,concordant_admitted,,58,0,1.0,0,0
sample_258,stream,concordant_admitted,,97,0,1.0,0,0
sample_259,stream,other,,45,0,1.0,0,0
sample_26,stream,concordant_admitted,,28,0,1.0,0,0
sample_260,stream,other,,143,0,1.0,0,0
sample_261,stream,other,,184,1,0.9946,0,0
sample_262,stream,concordant_admitted,,48,0,1.0,0,0
sample_263,stream,other,,84,0,1.0,0,0
sample_264,stream,other,,21,0,1.0,0,0
sample_265,stream,concordant_admitted,,56,0,1.0,0,0
sample_266,stream,other,,37,0,1.0,0,0
sample_267,stream,other,,24,0,1.0,0,0
sample_268,stream,other,,71,0,1.0,0,0
sample_269,stream,wrong,d-truncated,46,0,1.0,0,0
sample_27,stream,concordant_admitted,,8,0,1.0,0,0
sample_270,stream,other,,49,0,1.0,0,0
sample_271,stream,other,,23,0,1.0,0,0
sample_272,stream,concordant_admitted,,19,0,1.0,0,0
sample_273,stream,other,,64,1,0.9844,0,0
sample_274,stream,concordant_admitted,,27,0,1.0,0,0
sample_275,stream,other,,21,0,1.0,0,0
sample_276,stream,other,,97,3,0.9691,0,0
sample_277,stream,other,,36,0,1.0,0,0
sample_278,stream,concordant_admitted,,65,0,1.0,0,0
sample_279,stream,concordant_admitted,,165,0,1.0,0,0
sample_28,stream,other,,42,1,0.9762,0,0
sample_280,stream,concordant_admitted,,20,0,1.0,0,0
sample_281,stream,wrong,d-missing,31,1,0.9677,0,0
sample_282,stream,concordant_admitted,,36,0,1.0,0,0
sample_283,stream,other,,61,0,1.0,0,0
sample_284,stream,other,,20,14,0.3,1,1
sample_285,stream,concordant_admitted,,42,0,1.0,0,0
sample_286,stream,other,,27,20,0.2593,1,1
sample_287,stream,wrong,d-missing,60,19,0.6833,1,1
sample_288,stream,other,,7,0,1.0,0,0
sample_289,stream,concordant_admitted,,21,0,1.0,0,0
sample_29,stream,concordant_admitted,,52,0,1.0,0,0
sample_290,stream,other,,24,0,1.0,0,0
sample_291,stream,concordant_admitted,,12,0,1.0,0,0
sample_292,stream,wrong,d-truncated,76,0,1.0,0,0
sample_293,stream,other,,142,0,1.0,0,0
sample_294,stream,other,,223,0,1.0,0,0
sample_295,stream,concordant_admitted,,30,0,1.0,0,0
sample_296,stream,concordant_admitted,,36,0,1.0,0,0
sample_297,stream,other,,14,0,1.0,0,0
sample_298,stream,concordant_admitted,,20,0,1.0,0,0
sample_299,stream,concordant_admitted,,21,0,1.0,0,0
sample_3,stream,other,,70,0,1.0,0,0
sample_30,stream,wrong,d-truncated,136,0,1.0,0,0
sample_300,stream,other,,112,0,1.0,0,0
sample_31,stream,other,,71,0,1.0,0,0
sample_32,stream,other,,60,0,1.0,0,0
sample_33,stream,concordant_admitted,,97,0,1.0,0,0
sample_34,stream,concordant_admitted,,43,0,1.0,0,0
sample_35,stream,concordant_admitted,,34,0,1.0,0,0
sample_36,stream,other,,15,0,1.0,0,0
sample_37,stream,wrong,d-truncated,21,0,1.0,0,0
sample_38,stream,other,,60,0,1.0,0,0
sample_39,stream,concordant_admitted,,6,0,1.0,0,0
sample_4,stream,other,,84,0,1.0,0,0
sample_40,stream,concordant_admitted,,36,0,1.0,0,0
sample_41,stream,other,,30,0,1.0,0,0
sample_42,stream,other,,78,0,1.0,0,0
sample_43,stream,concordant_admitted,,10,0,1.0,0,0
sample_44,stream,concordant_admitted,,26,0,1.0,0,0
sample_45,stream,other,,41,0,1.0,0,0
sample_46,stream,other,,50,0,1.0,0,0
sample_47,stream,other,,17,0,1.0,0,0
sample_48,stream,concordant_admitted,,163,0,1.0,0,0
sample_49,stream,other,,35,0,1.0,0,0
sample_5,stream,other,,42,1,0.9762,0,0
sample_50,stream,concordant_admitted,,82,0,1.0,0,0
sample_51,stream,concordant_admitted,,30,0,1.0,0,0
sample_52,stream,wrong,d-missing,58,36,0.3793,1,1
sample_53,stream,other,,63,0,1.0,0,0
sample_54,stream,other,,80,0,1.0,0,0
sample_55,stream,other,,155,0,1.0,0,0
sample_56,stream,concordant_admitted,,22,0,1.0,0,0
sample_57,stream,wrong,d-truncated,133,0,1.0,0,0
sample_58,stream,other,,227,202,0.1101,1,1
sample_59,stream,concordant_admitted,,31,0,1.0,0,0
sample_6,stream,other,,71,0,1.0,0,0
sample_60,stream,concordant_admitted,,8,0,1.0,0,0
sample_61,stream,concordant_admitted,,19,0,1.0,0,0
sample_62,stream,concordant_admitted,,29,0,1.0,0,0
sample_63,stream,concordant_admitted,,16,0,1.0,0,0
sample_64,stream,concordant_admitted,,46,0,1.0,0,0
sample_65,stream,other,,59,24,0.5932,1,1
sample_66,stream,concordant_admitted,,29,0,1.0,0,0
sample_67,stream,concordant_admitted,,15,0,1.0,0,0
sample_68,stream,concordant_admitted,,6,0,1.0,0,0
sample_69,stream,concordant_admitted,,12,0,1.0,0,0
sample_7,stream,other,,112,2,0.9821,0,0
sample_70,stream,other,,181,0,1.0,0,0
sample_71,stream,concordant_admitted,,75,0,1.0,0,0
sample_72,stream,other,,60,0,1.0,0,0
sample_73,stream,concordant_admitted,,55,0,1.0,0,0
sample_74,stream,other,,0,0,1.0,0,0
sample_75,stream,concordant_admitted,,40,0,1.0,0,0
sample_76,stream,other,,31,0,1.0,0,0
sample_77,stream,other,,144,0,1.0,0,0
sample_78,stream,concordant_admitted,,30,0,1.0,0,0
sample_79,stream,other,,110,0,1.0,0,0
sample_8,stream,other,,2,0,1.0,0,0
sample_80,stream,other,,45,0,1.0,0,0
sample_81,stream,other,,4,0,1.0,0,0
sample_82,stream,other,,110,0,1.0,0,0
sample_83,stream,concordant_admitted,,43,0,1.0,0,0
sample_84,stream,concordant_admitted,,41,0,1.0,0,0
sample_85,stream,other,,36,1,0.9722,0,0
sample_86,stream,other,,11,0,1.0,0,0
sample_87,stream,other,,7,0,1.0,0,0
sample_88,stream,concordant_admitted,,22,0,1.0,0,0
sample_89,stream,other,,194,0,1.0,0,0
sample_9,stream,other,,154,2,0.987,0,0
sample_90,stream,other,,60,0,1.0,0,0
sample_91,stream,other,,39,0,1.0,0,0
sample_92,stream,concordant_admitted,,60,0,1.0,0,0
sample_93,stream,other,,56,0,1.0,0,0
sample_94,stream,concordant_admitted,,54,0,1.0,0,0
sample_95,stream,concordant_admitted,,19,0,1.0,0,0
sample_96,stream,other,,3,0,1.0,0,0
sample_97,stream,concordant_admitted,,50,0,1.0,0,0
sample_98,stream,wrong,b,66,0,1.0,0,0
sample_99,stream,other,,52,1,0.9808,0,0
e3_AP_easy_2,calibration,calibration,,25,0,1.0,0,0
e3_AP_easy_3,calibration,calibration,,25,0,1.0,0,0
e3_AP_easy_4,calibration,calibration,,25,0,1.0,0,0
e3_AP_easy_5,calibration,calibration,,36,0,1.0,0,0
e3_ARP_easy_10,calibration,calibration,,49,0,1.0,0,0
e3_ARP_easy_6,calibration,calibration,,64,0,1.0,0,0
e3_ARP_easy_8,calibration,calibration,,48,1,0.9792,0,0
e3_ARP_easy_9,calibration,calibration,,96,0,1.0,0,0
e3_ATSP_easy_11,calibration,calibration,,100,0,1.0,0,0
e3_ATSP_easy_12,calibration,calibration,,65,0,1.0,0,0
e3_ATSP_easy_13,calibration,calibration,,64,0,1.0,0,0
e3_ATSP_easy_14,calibration,calibration,,100,0,1.0,0,0
e3_BCP_23,calibration,calibration,,4,0,1.0,0,0
e3_BCP_24,calibration,calibration,,14,0,1.0,0,0
e3_BCP_25,calibration,calibration,,8,0,1.0,0,0
e3_BM_easy_26,calibration,calibration,,27,0,1.0,0,0
e3_BM_easy_27,calibration,calibration,,27,0,1.0,0,0
e3_BM_easy_28,calibration,calibration,,28,0,1.0,0,0
e3_BPP_31,calibration,calibration,,17,0,1.0,0,0
e3_BPP_32,calibration,calibration,,13,0,1.0,0,0
e3_BPP_34,calibration,calibration,,17,0,1.0,0,0
e3_Balanced_LAP_easy_17,calibration,calibration,,25,0,1.0,0,0
e3_Balanced_LAP_easy_18,calibration,calibration,,25,0,1.0,0,0
e3_Balanced_LAP_easy_19,calibration,calibration,,25,0,1.0,0,0
e3_CARP_easy_36,calibration,calibration,,54,1,0.9815,0,0
e3_CARP_easy_37,calibration,calibration,,69,0,1.0,0,0
e3_CARP_easy_40,calibration,calibration,,69,0,1.0,0,0
e3_CFLP_41,calibration,calibration,,124,0,1.0,0,0
e3_CFLP_44,calibration,calibration,,124,1,0.9919,0,0
e3_CFLP_45,calibration,calibration,,118,0,1.0,0,0
e3_CMST_47,calibration,calibration,,145,0,1.0,0,0
e3_CMST_48,calibration,calibration,,145,1,0.9931,0,0
e3_CMST_50,calibration,calibration,,226,0,1.0,0,0
e3_CPP_easy_52,calibration,calibration,,73,1,0.9863,0,0
e3_CPP_easy_54,calibration,calibration,,89,1,0.9888,0,0
e3_CSP_57,calibration,calibration,,7,0,1.0,0,0
e3_CSP_58,calibration,calibration,,8,0,1.0,0,0
e3_CSP_59,calibration,calibration,,7,0,1.0,0,0
e3_DCMST_61,calibration,calibration,,146,1,0.9932,0,0
e3_DCMST_62,calibration,calibration,,145,0,1.0,0,0
e3_DCMST_64,calibration,calibration,,146,1,0.9932,0,0
e3_FSSP_66,calibration,calibration,,9,0,1.0,0,0
e3_FSSP_68,calibration,calibration,,9,0,1.0,0,0
e3_FSSP_69,calibration,calibration,,9,0,1.0,0,0
e3_GAP_easy_73,calibration,calibration,,45,0,1.0,0,0
e3_GAP_easy_74,calibration,calibration,,45,0,1.0,0,0
e3_GAP_easy_75,calibration,calibration,,45,0,1.0,0,0
e3_GBP_78,calibration,calibration,,10,0,1.0,0,0
e3_GBP_79,calibration,calibration,,10,0,1.0,0,0
e3_GBP_80,calibration,calibration,,12,0,1.0,0,0
e3_GCP_81,calibration,calibration,,79,0,1.0,0,0
e3_GCP_82,calibration,calibration,,0,0,1.0,0,0
e3_GCP_85,calibration,calibration,,0,0,1.0,0,0
e3_HCLP_86,calibration,calibration,,360,0,1.0,0,0
e3_HCLP_89,calibration,calibration,,68,0,1.0,0,0
e3_HCLP_90,calibration,calibration,,336,0,1.0,0,0
e3_JSSP_93,calibration,calibration,,12,0,1.0,0,0
e3_JSSP_94,calibration,calibration,,9,0,1.0,0,0
e3_JSSP_95,calibration,calibration,,0,0,1.0,0,0
e3_LBAP_easy_100,calibration,calibration,,36,0,1.0,0,0
e3_LBAP_easy_96,calibration,calibration,,25,0,1.0,0,0
e3_LBAP_easy_98,calibration,calibration,,25,0,1.0,0,0
e3_LCP_101,calibration,calibration,,101,1,0.9901,0,0
e3_LCP_103,calibration,calibration,,51,0,1.0,0,0
e3_LCP_104,calibration,calibration,,0,0,1.0,0,0
e3_MBM_easy_108,calibration,calibration,,0,0,1.0,0,0
e3_MBM_easy_109,calibration,calibration,,0,0,1.0,0,0
e3_MBM_easy_110,calibration,calibration,,0,0,1.0,0,0
e3_MCC_easy_116,calibration,calibration,,54,0,1.0,0,0
e3_MCC_easy_117,calibration,calibration,,54,0,1.0,0,0
e3_MCC_easy_119,calibration,calibration,,0,0,1.0,0,0
e3_MCF_easy_121,calibration,calibration,,30,0,1.0,0,0
e3_MCF_easy_122,calibration,calibration,,30,0,1.0,0,0
e3_MCF_easy_123,calibration,calibration,,20,0,1.0,0,0
e3_MCLP_126,calibration,calibration,,321,0,1.0,0,0
e3_MCLP_128,calibration,calibration,,338,0,1.0,0,0
e3_MCLP_129,calibration,calibration,,310,0,1.0,0,0
e3_MCMF_easy_131,calibration,calibration,,30,1,0.9667,0,0
e3_MCMF_easy_132,calibration,calibration,,30,0,1.0,0,0
e3_MCMF_easy_133,calibration,calibration,,34,0,1.0,0,0
e3_MCP_136,calibration,calibration,,8,0,1.0,0,0
e3_MCP_139,calibration,calibration,,8,0,1.0,0,0
e3_MCP_140,calibration,calibration,,8,0,1.0,0,0
e3_MC_easy_111,calibration,calibration,,30,0,1.0,0,0
e3_MC_easy_112,calibration,calibration,,50,0,1.0,0,0
e3_MC_easy_115,calibration,calibration,,28,0,1.0,0,0
e3_MF_easy_142,calibration,calibration,,30,0,1.0,0,0
e3_MF_easy_143,calibration,calibration,,34,0,1.0,0,0
e3_MF_easy_144,calibration,calibration,,30,0,1.0,0,0
e3_MGM_easy_146,calibration,calibration,,32,0,1.0,0,0
e3_MGM_easy_148,calibration,calibration,,2,0,1.0,0,0
e3_MGM_easy_150,calibration,calibration,,34,0,1.0,0,0
e3_MLSTP_151,calibration,calibration,,144,0,1.0,0,0
e3_MLSTP_153,calibration,calibration,,168,0,1.0,0,0
e3_MMCF_easy_156,calibration,calibration,,62,0,1.0,0,0
e3_MMCF_easy_157,calibration,calibration,,58,0,1.0,0,0
e3_MMCF_easy_159,calibration,calibration,,62,0,1.0,0,0
e3_MultiCF_easy_167,calibration,calibration,,62,0,1.0,0,0
e3_MultiCF_easy_169,calibration,calibration,,62,0,1.0,0,0
e3_MultiCF_easy_170,calibration,calibration,,58,0,1.0,0,0
e3_OSSP_172,calibration,calibration,,9,0,1.0,0,0
e3_OSSP_173,calibration,calibration,,9,0,1.0,0,0
e3_OSSP_175,calibration,calibration,,9,0,1.0,0,0
e3_PFSP_176,calibration,calibration,,12,0,1.0,0,0
e3_PFSP_178,calibration,calibration,,12,0,1.0,0,0
e3_PFSP_179,calibration,calibration,,12,0,1.0,0,0
e3_QAP_easy_181,calibration,calibration,,40,0,1.0,0,0
e3_QAP_easy_184,calibration,calibration,,32,0,1.0,0,0
e3_QAP_easy_185,calibration,calibration,,60,0,1.0,0,0
e3_RPP_easy_188,calibration,calibration,,63,0,1.0,0,0
e3_RPP_easy_189,calibration,calibration,,101,1,0.9901,0,0
e3_RPP_easy_190,calibration,calibration,,68,0,1.0,0,0
e3_SCLP_192,calibration,calibration,,295,0,1.0,0,0
e3_SCLP_193,calibration,calibration,,331,0,1.0,0,0
e3_SCLP_195,calibration,calibration,,281,0,1.0,0,0
e3_SM_easy_196,calibration,calibration,,98,0,1.0,0,0
e3_SM_easy_199,calibration,calibration,,0,0,1.0,0,0
e3_SM_easy_200,calibration,calibration,,72,0,1.0,0,0
e3_SP_easy_202,calibration,calibration,,64,0,1.0,0,0
e3_SP_easy_203,calibration,calibration,,46,0,1.0,0,0
e3_SP_easy_204,calibration,calibration,,44,0,1.0,0,0
e3_TP_easy_208,calibration,calibration,,31,0,1.0,0,0
e3_TP_easy_209,calibration,calibration,,31,0,1.0,0,0
e3_TP_easy_210,calibration,calibration,,31,0,1.0,0,0
e3_TSPPD_easy_216,calibration,calibration,,49,0,1.0,0,0
e3_TSPPD_easy_218,calibration,calibration,,49,0,1.0,0,0
e3_TSPPD_easy_219,calibration,calibration,,49,0,1.0,0,0
e3_TSPTW_easy_221,calibration,calibration,,81,0,1.0,0,0
e3_TSPTW_easy_222,calibration,calibration,,81,0,1.0,0,0
e3_TSPTW_easy_225,calibration,calibration,,100,0,1.0,0,0
e3_TSP_easy_211,calibration,calibration,,100,0,1.0,0,0
e3_TSP_easy_213,calibration,calibration,,64,0,1.0,0,0
e3_TSP_easy_214,calibration,calibration,,81,1,0.9877,0,0
e3_UFLP_228,calibration,calibration,,96,0,1.0,0,0
e3_UFLP_229,calibration,calibration,,100,0,1.0,0,0
e3_UFLP_230,calibration,calibration,,95,0,1.0,0,0
e3_Unbalanced_LAP_easy_232,calibration,calibration,,36,0,1.0,0,0
e3_Unbalanced_LAP_easy_234,calibration,calibration,,36,0,1.0,0,0
e3_Unbalanced_LAP_easy_235,calibration,calibration,,30,0,1.0,0,0
e3_VBP_236,calibration,calibration,,22,0,1.0,0,0
e3_VBP_238,calibration,calibration,,18,0,1.0,0,0
e3_VBP_239,calibration,calibration,,22,0,1.0,0,0
e3_VRP_easy_243,calibration,calibration,,52,2,0.9615,0,0
e3_VRP_easy_244,calibration,calibration,,85,1,0.9882,0,0
e3_VRP_easy_245,calibration,calibration,,66,1,0.9848,0,0
e3_mTSP_easy_162,calibration,calibration,,83,0,1.0,0,0
e3_mTSP_easy_164,calibration,calibration,,81,0,1.0,0,0
e3_mTSP_easy_165,calibration,calibration,,103,2,0.9806,0,0
